{
  "name": "myFirstAurelia",
  "type": "project:application",
  "bundler": {
    "id": "webpack",
    "displayName": "Webpack"
  },
  "build": {
    "options": {
      "server": "dev",
      "extractCss": "prod",
      "coverage": false
    }
  },
  "platform": {
    "id": "web",
    "displayName": "Web",
    "port": 8080,
    "hmr": false,
    "open": false,
    "output": "dist"
  },
  "loader": {
    "id": "none",
    "displayName": "None"
  },
  "transpiler": {
    "id": "typescript",
    "displayName": "TypeScript",
    "fileExtension": ".ts"
  },
  "markupProcessor": {
    "id": "minimum",
    "displayName": "Minimal Minification",
    "fileExtension": ".html"
  },
  "cssProcessor": {
    "id": "none",
    "displayName": "None",
    "fileExtension": ".css"
  },
  "editor": {
    "id": "vscode",
    "displayName": "Visual Studio Code"
  },
  "unitTestRunner": [
    {
      "id": "jest",
      "displayName": "Jest"
    },
    {
      "id": "karma",
      "displayName": "Karma"
    }
  ],
  "integrationTestRunner": {
    "id": "none",
    "displayName": "None"
  },
  "paths": {
    "root": "src",
    "resources": "resources",
    "elements": "resources/elements",
    "attributes": "resources/attributes",
    "valueConverters": "resources/value-converters",
    "bindingBehaviors": "resources/binding-behaviors"
  },
  "testFramework": {
    "id": "jasmine",
    "displayName": "Jasmine"
  }
}